;;;;;;;;;;;;;;;;;;;;;;;;;;;;;;;;;;;;;;;;;;;;;;;;;;;;;;;;;;;;;;;;;;;;;;;;;;;;
METRå DE SûO PAULO;;;;;;;;;;;;;;;;;;;;;;;;;;;;;;;;;;;;;;;;;;;;;;;;;;;;;;;;;;;;;;;;;;;;;;;;;;;;
INFORMAúíES SOBRE A DEMANDA - 2026;;;;;;;;;;;;;;;;;;;;;;;;;;;;;;;;;;;;;;;;;;;;;;;;;;;;;;;;;;;;;;;;;;;;;;;;;;;;
Entrada de Passageiros por EstaÓÐo - DiÃria (em milhares);;;;;;;;;;;;;;;;;;;;;;;;;;;;;;;;;;;;;;;;;;;;;;;;;;;;;;;;;;;;;;;;;;;;;;;;;;;;
;;;;;;;;;;;;;;;;;;;;;;;;;;;;;;;;;;;;;;;;;;;;;;;;;;;;;;;;;;;;;;;;;;;;;;;;;;;;
ENTRADAS POR ESTAúûO - LINHA 1-AZUL ¿ - JAN/2026 (MIL);;;;;;;;;;;;;;;;;;;;;;;;;;ENTRADAS POR ESTAúûO - LINHA 2-VERDE ý - JAN/2026 (MIL);;;;;;;;;;;;;;;;;ENTRADAS POR ESTAúûO - LINHA 3-VERMELHA ° - JAN/2026 (MIL);;;;;;;;;;;;;;;;;;;;;ENTRADAS POR ESTAúûO - LINHA 15-PRATA - JAN/2026 (MIL);;;;;;;;;;;;
DIA;JAB;CON;JUD;SAU;ARV;SCZ;VMN;ANR;PSO;VGO;JQM;LIB;PSE;BTO;LUZ;TRD;PPQ;TTE;CDU;SAN;JPA;PIG;TUC;TOTAL;;DIA;VPT;TTI;SAC;AIP;IMG;CKB;ANR;PSO;BGD;TRI;CNS;CLI;SUM;VMD;TOTAL;;DIA;ITQ;ART;PCA;VPA;VTD;PEN;CAR;TAT;BEL;BRE;BAS;PDS;PSE;GBU;REP;CEC;DEO;BFU;TOTAL;;DIA; VPM ; ORT ; SLU ; CAD ; VTL ; VUN ; JPL ; SAP ; FJT ; MAT ;IGT;TOTAL
1;32,9;3,8;2,4;3,9;1,9;16,3;2,2;2,8;3,4;4,2;3,7;3,7;2,3;3,1;8,8;1,8;3,5;17,6;1,5;8,0;1,3;1,7;9,8;140,5;;1;2,5;11,6;6,7;2,3;1,7;11,9;1,1;1,6;6,3;7,9;15,8;2,9;1,0;2,9;76,3;;1;38,7;10,1;3,7;3,5;4,3;4,5;5,3;26,4;6,0;4,6;12,0;4,9;3,4;6,9;26,6;4,7;4,1;34,2;204,0;;1;1,3;1,2;0,9;0,6;1,0;1,1;1,0;1,8;0,7;3,6;2,0;15,2
2;51,1;10,2;6,3;11,9;6,2;43,1;6,0;9,2;9,1;10,8;8,5;19,6;7,3;27,1;31,1;4,6;7,9;33,8;4,2;19,5;3,8;4,3;24,2;359,6;;2;6,2;28,3;16,4;6,6;6,4;31,8;3,0;2,9;20,0;18,8;36,2;7,0;3,2;7,5;194,4;;2;88,6;24,4;9,0;8,6;10,5;11,2;14,9;59,3;16,1;11,3;34,6;7,9;9,3;21,0;55,6;10,3;11,4;70,7;474,6;;2;3,7;2,3;2,0;1,6;2,3;2,5;2,2;4,3;1,9;8,3;5,7;36,9
3;47,7;8,5;5,4;10,6;5,3;37,7;5,2;7,7;7,8;8,4;7,3;26,0;6,2;23,3;24,9;4,5;6,9;37,6;3,5;17,3;3,4;3,9;21,6;330,5;;3;5,3;25,3;14,6;5,6;5,5;24,1;2,6;2,5;19,9;16,4;33,6;4,8;2,5;6,6;169,0;;3;83,8;21,5;8,0;7,5;9,5;10,2;13,4;57,0;13,1;11,7;32,9;7,2;7,9;16,5;50,6;9,2;8,1;66,5;434,4;;3;3,0;2,1;1,9;1,5;2,1;2,2;1,9;3,8;1,7;6,8;4,3;31,4
4;38,2;6,2;3,8;6,7;3,3;26,3;3,5;5,1;5,1;5,9;5,0;18,7;3,3;5,6;17,6;3,1;5,1;41,7;2,8;11,7;2,3;2,7;14,7;238,1;;4;3,9;17,8;10,1;3,8;3,6;17,1;2,1;2,4;14,1;15,5;22,7;3,8;1,8;4,5;122,9;;4;64,2;14,6;5,5;5,2;7,2;7,0;8,8;39,5;9,9;8,3;20,8;8,2;4,9;9,9;34,3;7,0;6,7;51,0;313,2;;4;2,1;1,5;1,2;0,8;1,4;1,4;1,2;2,5;1,1;4,5;2,7;20,3
5;61,1;22,8;11,7;19,9;11,0;71,9;11,3;14,0;14,8;19,6;18,3;18,6;12,6;46,5;88,9;8,6;15,2;47,5;8,4;36,8;8,3;9,6;44,8;622,3;;5;13,9;62,1;31,8;13,1;11,3;65,4;7,9;8,3;38,9;37,5;71,9;17,7;7,1;15,3;402,2;;5;73,0;42,5;17,4;16,1;20,6;20,9;30,6;64,2;28,8;21,1;59,6;12,0;18,1;40,8;96,5;17,8;18,9;114,3;713,2;;5;7,6;5,6;4,1;3,2;4,4;4,7;3,9;7,6;3,5;14,2;11,1;69,8
6;60,0;25,2;12,8;21,4;12,1;76,2;12,4;15,9;16,7;21,1;19,4;20,6;12,8;46,9;107,4;9,5;15,4;40,3;8,8;39,6;9,2;10,3;47,3;661,0;;6;15,3;67,1;34,2;14,4;12,9;71,3;8,9;9,4;45,6;41,2;81,3;18,8;7,9;17,3;445,7;;6;62,8;45,0;18,6;17,2;22,0;22,2;33,3;60,8;31,0;22,4;62,3;14,4;18,4;43,6;103,9;19,1;20,3;121,3;738,7;;6;8,3;6,0;4,3;3,4;4,7;5,0;4,1;8,1;3,2;15,0;11,6;73,7
7;59,5;25,4;12,7;21,8;12,3;77,5;12,9;16,3;16,7;16,9;19,3;21,2;13,9;48,5;103,1;10,0;16,2;39,6;9,1;41,2;9,3;10,5;48,1;661,9;;7;14,7;67,0;34,3;14,9;13,0;72,9;9,2;9,4;45,5;40,9;82,8;18,9;7,9;17,5;448,8;;7;60,8;45,0;18,5;17,5;22,4;22,7;33,8;63,1;32,8;23,4;64,6;13,5;20,1;45,5;105,4;19,4;21,0;122,6;752,0;;7;8,6;6,2;4,4;3,3;4,8;5,0;4,1;8,2;3,5;14,9;11,7;74,7
8;60,1;25,2;12,9;24,2;12,5;78,9;13,0;16,5;16,9;20,9;19,2;21,1;14,2;49,5;96,3;10,0;15,3;37,9;9,0;40,8;9,3;10,8;48,3;662,6;;8;15,5;66,8;34,8;14,7;13,1;73,4;9,3;9,5;44,8;40,8;82,7;19,2;8,0;17,9;450,3;;8;60,2;45,6;19,0;17,6;22,5;22,6;34,4;64,3;32,3;22,5;63,9;13,2;20,4;45,1;105,9;19,3;21,1;123,3;753,4;;8;8,6;6,2;4,5;3,3;4,7;5,1;4,1;8,3;3,5;15,3;11,8;75,4
9;60,5;21,9;12,5;22,1;11,7;78,4;13,0;16,1;16,0;20,8;18,7;22,9;14,0;48,5;96,7;9,9;15,6;38,4;8,7;40,9;9,0;10,1;48,3;654,5;;9;14,8;65,9;33,7;14,4;12,4;69,7;9,1;9,0;42,5;37,1;78,5;18,4;7,4;16,9;429,9;;9;61,2;46,1;18,9;17,5;22,4;22,7;33,6;65,3;32,3;23,1;64,3;14,0;20,2;44,1;104,6;19,5;21,1;123,8;754,6;;9;8,6;6,0;4,5;3,2;4,8;5,1;4,2;8,4;3,6;16,0;11,6;75,9
10;42,7;11,8;7,3;14,7;8,0;50,4;7,8;11,4;10,6;11,4;10,9;29,5;8,3;34,6;65,1;6,6;9,5;33,0;5,3;25,1;5,2;5,9;29,7;444,8;;10;8,2;37,1;20,4;8,3;7,2;34,7;3,8;3,3;21,9;18,3;43,8;6,0;3,7;9,8;226,6;;10;51,4;28,9;11,7;10,8;13,7;14,0;20,3;56,6;19,7;20,0;42,0;9,2;10,6;21,6;63,7;12,6;13,6;82,4;502,7;;10;4,6;3,1;2,7;1,9;2,9;3,2;2,7;5,2;2,3;9,2;5,9;43,7
11;35,3;7,4;4,8;8,1;4,2;30,8;4,3;6,3;5,7;6,5;6,2;21,8;3,7;7,1;24,5;3,6;5,7;27,9;3,3;14,3;2,7;3,7;17,3;255,2;;11;8,1;21,0;11,8;4,7;4,2;21,1;2,6;2,7;15,5;15,8;30,3;4,1;1,9;5,7;149,5;;11;37,8;19,3;6,5;6,3;8,4;8,4;11,1;36,8;12,5;9,6;19,9;7,8;5,5;12,1;38,6;8,9;8,4;56,7;314,6;;11;2,6;1,4;1,1;0,7;1,2;1,1;1,0;1,9;0,8;3,4;1,9;17,0
12;65,1;26,2;13,1;22,2;12,6;78,7;13,2;15,6;16,8;22,0;19,6;19,3;14,2;48,0;106,7;10,2;16,3;42,7;8,9;41,6;9,5;11,6;48,3;682,4;;12;15,7;63,7;35,1;14,8;13,1;73,5;8,8;9,4;43,9;40,2;81,4;19,2;8,1;17,9;444,9;;12;60,3;45,9;19,2;17,9;23,0;23,2;35,0;68,5;31,5;23,5;69,0;13,2;20,4;44,7;104,6;19,4;21,0;126,8;767,2;;12;8,7;6,3;4,6;3,3;4,8;5,2;4,2;8,4;3,6;15,4;11,8;76,2
13;61,8;27,1;13,8;22,6;13,1;81,8;13,5;17,1;17,8;22,1;20,3;19,7;13,8;45,7;107,8;10,2;16,4;38,3;9,3;42,4;10,0;11,9;49,4;685,8;;13;16,7;68,8;36,4;15,6;13,4;77,5;9,6;10,0;48,0;44,1;88,9;19,7;8,6;19,1;476,2;;13;60,7;45,7;19,3;18,0;23,4;22,9;35,3;65,1;32,7;23,6;62,5;13,7;19,9;45,9;109,9;19,9;21,9;151,6;792,2;;13;9,0;6,4;4,5;3,4;4,9;5,2;4,1;8,5;3,6;15,3;12,3;77,1
14;62,6;27,7;13,7;23,5;13,6;86,1;14,4;17,8;18,1;23,4;20,9;21,0;14,6;48,2;109,9;10,9;16,7;37,3;9,6;43,3;10,4;12,4;50,7;706,7;;14;17,0;71,0;37,5;16,4;14,0;79,0;10,0;10,2;49,3;44,2;90,3;20,2;9,0;19,9;488,1;;14;61,5;47,8;20,1;18,9;24,5;24,2;36,7;65,7;34,2;24,3;65,5;14,0;21,0;47,2;114,1;21,0;22,8;121,1;784,5;;14;9,6;6,6;4,7;3,6;5,2;5,4;4,5;8,7;3,7;15,9;12,6;80,4
15;61,7;26,9;13,7;23,1;13,3;86,4;14,1;17,8;17,6;22,7;19,9;21,1;14,0;48,1;107,2;10,7;16,5;37,1;9,4;42,8;10,2;12,0;50,0;696,5;;15;15,7;71,8;37,0;15,7;13,9;78,0;10,0;9,9;48,6;43,1;90,0;19,9;8,8;19,6;482,0;;15;60,8;48,0;20,1;18,9;24,3;23,9;36,9;67,2;33,8;23,5;65,2;13,9;20,2;46,6;113,0;20,4;22,5;132,2;791,2;;15;9,5;6,5;4,8;3,6;5,0;5,4;4,3;8,6;3,7;16,0;12,3;79,7
16;61,6;22,7;13,2;22,4;13,3;83,9;13,8;16,9;16,7;22,0;20,1;21,8;14,1;48,2;112,2;10,9;16,2;38,6;9,1;41,9;9,5;11,4;49,0;689,7;;16;14,4;68,8;35,5;15,5;13,2;72,3;9,5;9,4;44,7;39,3;82,1;18,6;8,4;18,1;449,7;;16;61,2;47,4;19,7;18,2;23,4;23,1;35,8;66,9;33,7;23,6;65,4;14,5;20,2;45,4;108,6;20,3;22,2;123,0;772,5;;16;8,7;6,4;4,6;3,4;5,0;5,3;4,3;8,6;3,8;15,8;11,9;77,7
17;41,9;12,2;7,8;14,7;8,5;51,5;8,8;11,4;10,5;11,5;11,2;27,8;8,3;34,7;64,8;7,0;10,3;30,8;5,1;25,3;5,4;6,1;30,2;445,7;;17;7,9;38,8;21,2;8,5;7,3;35,1;3,8;3,3;22,0;18,5;43,4;6,2;4,1;10,4;230,4;;17;40,2;28,2;11,2;10,6;13,7;13,4;19,7;55,3;19,6;15,0;40,6;9,4;10,6;22,2;64,7;13,1;13,9;94,9;496,1;;17;4,5;3,5;2,8;1,9;3,0;3,0;2,7;5,2;2,2;9,3;5,9;44,0
18;35,0;7,4;5,1;8,3;4,7;31,2;4,7;6,8;6,8;7,2;6,5;22,3;3,6;6,8;24,6;3,6;5,9;26,7;3,4;14,6;2,9;3,4;17,5;258,9;;18;8,5;21,9;12,3;4,8;4,4;20,8;2,8;3,2;16,8;15,7;31,0;4,4;2,3;6,0;155,2;;18;39,7;20,1;6,6;6,5;8,5;8,4;11,2;36,0;12,3;8,8;23,5;7,1;5,4;12,0;40,6;8,9;9,0;58,4;323,0;;18;2,5;1,4;1,1;0,7;1,1;1,2;1,0;1,9;0,9;3,4;2,1;17,2
19;63,0;26,5;13,3;21,7;12,6;82,4;13,7;16,5;17,1;22,3;20,1;18,7;14,1;47,4;109,8;11,3;16,6;41,7;9,6;42,3;9,7;11,4;50,1;692,0;;19;16,0;70,1;35,6;15,2;13,3;74,9;9,3;9,6;45,1;41,3;83,7;19,4;8,4;18,4;460,0;;19;60,1;46,2;19,2;18,1;23,5;23,1;35,4;63,4;32,2;23,1;64,4;13,1;20,3;45,5;105,8;19,5;22,0;126,2;761,1;;19;8,8;6,3;4,6;3,4;4,9;5,2;4,2;8,3;3,7;15,5;12,0;76,9
20;63,9;28,9;14,3;24,7;14,4;88,1;14,9;18,5;19,1;24,1;22,0;21,7;14,8;50,5;106,7;11,8;17,1;39,0;10,0;44,9;10,6;12,1;52,7;724,7;;20;17,6;74,9;38,6;16,8;14,3;81,3;10,4;10,8;50,9;47,0;93,7;20,4;9,3;21,0;507,0;;20;63,2;48,8;20,5;19,3;25,3;24,7;39,0;68,7;34,7;24,6;67,4;15,6;21,3;48,4;115,9;21,0;23,6;134,8;816,8;;20;9,3;7,0;5,0;3,6;5,2;5,6;4,6;8,9;3,9;16,1;12,7;81,8
21;62,9;28,9;14,1;23,8;14,1;88,4;15,5;18,6;18,8;24,2;22,1;21,9;14,8;49,7;116,0;11,6;17,3;38,0;10,0;44,9;10,6;12,2;53,4;731,8;;21;17,6;75,2;38,8;17,2;14,5;81,4;10,5;10,6;50,3;45,6;93,9;20,4;9,6;21,1;506,8;;21;62,5;49,1;20,8;17,7;25,4;25,1;38,8;67,8;34,9;24,4;65,2;14,2;21,2;47,8;118,3;21,1;24,0;134,0;812,2;;21;9,5;7,0;4,9;3,6;5,3;5,7;4,4;9,0;3,9;16,7;12,7;82,7
22;63,5;28,3;14,2;24,2;14,1;86,9;15,1;18,7;18,3;24,1;22,0;21,7;14,6;48,8;144,6;11,8;17,1;37,8;9,9;44,8;10,5;12,2;52,7;755,7;;22;17,5;74,6;38,4;16,9;14,5;81,0;10,5;10,3;49,4;44,2;92,0;20,4;9,4;21,0;500,1;;22;63,5;48,5;20,5;16,6;25,2;24,4;38,3;72,8;34,7;23,8;67,1;14,1;21,0;48,2;115,5;20,6;23,7;133,1;811,7;;22;9,3;7,0;5,0;3,7;5,2;5,7;4,5;8,8;3,8;16,4;12,6;82,0
23;62,9;24,1;13,7;23,3;13,6;86,4;15,2;17,8;17,3;22,1;20,9;22,0;14,4;48,7;94,4;11,8;16,9;39,0;9,6;43,4;10,0;10,9;51,1;689,6;;23;16,3;71,5;36,8;15,7;13,5;75,3;10,0;9,7;45,9;40,8;84,8;19,0;8,6;19,0;467,0;;23;62,8;48,7;20,2;16,7;24,4;24,4;37,4;68,1;34,3;24,3;67,8;14,7;20,8;47,6;112,2;20,5;23,5;129,7;798,1;;23;8,9;6,6;4,7;3,6;5,1;5,5;4,5;8,7;3,8;16,3;12,3;80,0
24;43,0;12,7;7,8;15,4;8,4;53,3;9,0;11,9;11,1;12,0;12,1;29,2;8,4;35,9;64,6;7,3;10,2;32,3;5,7;26,3;5,5;6,0;31,4;459,5;;24;8,6;40,1;22,3;9,0;7,6;35,9;4,0;3,5;23,0;19,9;45,8;6,4;4,1;10,7;240,9;;24;46,9;30,4;12,1;11,3;14,5;15,1;21,9;57,6;19,9;15,5;41,5;10,6;10,7;22,5;68,2;13,5;15,2;96,5;523,9;;24;4,6;3,6;2,9;2,0;3,1;3,2;2,8;5,2;2,4;9,6;6,0;45,5
25;34,1;8,4;4,6;8,6;4,6;32,3;5,0;6,7;6,4;8,8;7,2;22,4;6,1;9,1;28,9;3,9;6,0;27,0;4,0;15,3;3,1;3,8;18,9;275,2;;25;5,3;24,2;13,2;5,6;4,9;22,3;2,7;3,0;20,4;21,6;39,0;7,2;2,7;6,5;178,7;;25;42,9;19,5;6,9;6,6;9,1;9,5;12,4;37,7;12,6;9,7;22,2;7,5;9,1;14,6;46,7;10,2;10,3;61,2;348,8;;25;2,5;1,9;1,6;1,0;1,7;1,8;1,6;3,2;1,3;5,3;3,3;25,1
26;64,9;27,6;14,0;23,1;13,8;85,3;14,9;18,0;18,0;24,0;22,0;20,2;14,7;49,8;109,6;12,0;17,1;42,6;9,7;43,6;10,3;11,6;51,5;718,4;;26;17,2;72,7;37,8;16,0;14,1;78,5;10,1;10,1;46,5;42,7;87,2;20,4;9,1;19,5;481,8;;26;61,5;47,9;20,2;16,5;24,6;24,4;38,6;65,2;33,6;24,3;65,3;13,8;21,1;46,7;108,9;20,2;22,8;136,2;791,9;;26;8,8;6,8;4,8;3,6;5,2;5,6;4,4;8,8;3,7;16,1;12,4;80,1
27;65,2;30,2;14,8;24,3;14,6;89,7;15,8;19,5;19,7;25,5;23,0;20,8;14,8;50,8;117,5;12,6;17,8;39,6;10,4;45,7;11,0;12,2;54,1;749,4;;27;18,2;77,9;39,3;17,2;14,9;84,5;10,9;11,1;51,9;47,8;95,9;21,5;9,9;21,9;522,9;;27;64,3;49,5;20,9;16,9;25,9;25,6;39,4;69,0;36,2;25,4;67,2;15,6;21,4;48,8;116,9;20,7;23,8;135,5;822,9;;27;9,2;7,2;5,1;3,8;5,3;5,8;4,4;9,2;3,9;16,8;13,0;83,8
28;63,8;29,8;17,1;25,0;14,8;90,6;16,5;19,8;19,5;26,1;23,7;20,9;14,8;48,7;118,4;12,4;17,8;43,1;10,8;46,0;11,2;12,4;53,9;757,0;;28;18,3;77,5;36,6;17,7;14,9;84,6;11,1;11,0;51,1;46,9;96,6;21,2;10,0;22,1;519,7;;28;63,3;49,6;21,2;20,4;26,1;25,7;39,8;68,8;36,1;25,0;67,8;14,6;21,2;49,5;119,2;21,6;24,5;137,9;832,3;;28;9,3;7,2;5,1;3,8;5,5;5,8;4,6;9,0;4,0;16,8;13,0;84,1
29;64,3;29,3;14,8;25,1;14,8;90,5;16,1;20,0;19,7;26,1;23,9;21,2;15,0;49,4;106,2;12,6;17,2;43,3;10,4;45,5;11,2;12,3;53,9;742,8;;29;18,1;75,7;39,5;17,2;15,0;83,9;11,3;11,1;49,7;45,8;94,7;20,8;10,0;21,7;514,3;;29;63,2;50,1;21,3;20,3;25,6;25,5;40,0;67,9;35,9;24,7;65,9;14,5;21,6;48,5;116,7;21,3;24,8;137,6;825,6;;29;9,3;7,2;5,1;3,7;5,4;5,7;4,5;9,2;3,9;16,8;13,0;83,8
30;64,5;24,7;14,3;24,4;14,2;89,1;15,9;19,0;18,3;24,3;21,7;22,0;14,6;49,8;116,8;12,4;16,8;45,5;10,1;44,4;10,4;11,2;53,0;737,5;;30;16,8;72,7;38,0;16,2;14,3;77,8;10,7;10,3;46,7;41,9;87,7;19,7;9,0;19,6;481,4;;30;62,6;49,3;20,8;19,7;24,8;25,0;38,1;69,2;35,3;24,4;66,3;14,9;21,0;48,0;113,4;21,3;24,0;129,0;807,0;;30;9,0;6,9;4,9;3,6;5,3;5,6;4,6;8,8;3,9;16,6;12,7;82,0
31;44,0;13,2;8,4;16,0;8,8;54,3;9,7;12,6;11,9;12,4;13,5;30,9;9,1;39,1;72,3;8,7;10,5;35,4;6,3;26,9;5,9;6,3;33,1;489,6;;31;9,0;40,6;23,2;9,6;8,2;37,8;4,2;3,8;23,9;19,9;49,7;6,5;4,2;11,0;251,5;;31;42,3;31,6;13,0;12,0;15,3;15,6;22,3;59,9;20,9;16,5;42,7;9,9;11,6;24,0;73,7;13,9;15,9;94,2;535,5;;31;4,5;3,7;3,0;2,1;3,3;3,4;3,0;5,7;2,4;10,2;6,3;47,6
Total;1699,1;631,1;338,2;581,5;330,4;2104,6;351,1;442,3;442,3;553,6;508,9;670,0;351,2;1198,0;2603,2;276,1;413,2;1151,2;235,8;1060,7;241,3;277,0;1258,9;17719,9;;Total;400,9;1722,5;902,0;384,2;334,2;1828,9;229,8;231,2;1142,9;1040,9;2131,5;453,2;206,1;466,2;11474,3;;Total;1825,9;1195,3;490,8;448,9;594,2;593,7;891,6;1854,1;833,3;606,1;1639,7;371,0;498,6;1111,1;2772,5;516,2;566,0;3360,5;20169,6;;Total;214,2;157,4;115,3;84,8;124,0;131,5;107,7;212,6;91,9;391,5;291,2;1921,8
;;;;;;;;;;;;;;;;;;;;;;;;;;;;;;;;;;;;;;;;;;;;;;;;;;;;;;;;;;;;;;;;;;;;;;;;;;;;
ENTRADAS POR ESTAúûO - LINHA 1-AZUL ¿ - FEV/2026 (MIL);;;;;;;;;;;;;;;;;;;;;;;;;;ENTRADAS POR ESTAúûO - LINHA 2-VERDE ý - FEV/2026 (MIL);;;;;;;;;;;;;;;;;ENTRADAS POR ESTAúûO - LINHA 3-VERMELHA ° - FEV/2026 (MIL);;;;;;;;;;;;;;;;;;;;;ENTRADAS POR ESTAúûO - LINHA 15-PRATA - FEV/2026 (MIL);;;;;;;;;;;;
DIA;JAB;CON;JUD;SAU;ARV;SCZ;VMN;ANR;PSO;VGO;JQM;LIB;PSE;BTO;LUZ;TRD;PPQ;TTE;CDU;SAN;JPA;PIG;TUC;TOTAL;;DIA;VPT;TTI;SAC;AIP;IMG;CKB;ANR;PSO;BGD;TRI;CNS;CLI;SUM;VMD;TOTAL;;DIA;ITQ;ART;PCA;VPA;VTD;PEN;CAR;TAT;BEL;BRE;BAS;PDS;PSE;GBU;REP;CEC;DEO;BFU;TOTAL;;DIA; VPM ; ORT ; SLU ; CAD ; VTL ; VUN ; JPL ; SAP ; FJT ; MAT ;IGT;TOTAL
1;32,7;7,2;4,7;8,0;4,1;29,7;4,5;6,3;5,8;7,3;7,3;25,5;3,7;6,8;24,3;4,8;5,8;28,3;3,8;15,0;2,8;3,3;17,7;259,2;;1;8,6;21,9;11,8;5,0;4,1;21,0;2,6;2,7;15,6;19,3;30,6;4,6;2,4;6,1;156,1;;1;32,0;18,3;6,6;6,3;8,5;8,1;10,6;34,5;12,0;9,6;20,1;8,2;5,5;11,7;38,2;8,7;8,8;59,4;307,0;;1;2,5;1,5;1,1;0,7;1,1;1,1;0,9;2,0;0,9;3,4;2,0;17,1
2;65,2;28,7;14,5;24,2;14,0;87,3;17,0;18,8;19,4;24,3;22,8;21,3;14,5;49,3;117,3;12,6;17,5;44,2;10,1;44,9;10,9;12,3;53,3;744,6;;2;17,5;74,5;39,0;17,0;14,5;81,3;10,6;10,9;48,0;44,8;89,8;21,0;9,6;20,5;498,8;;2;62,7;49,3;21,0;19,8;25,5;25,3;38,9;66,9;34,6;24,5;67,6;13,9;20,9;47,6;103,5;21,7;23,6;133,8;801,0;;2;9,2;6,9;5,1;3,7;5,3;5,6;4,6;9,1;3,9;16,3;12,7;82,5
3;64,7;30,9;15,4;25,6;15,2;91,4;18,2;20,8;20,9;26,6;23,6;21,6;14,8;49,0;119,5;12,9;17,8;39,9;10,5;47,3;11,9;12,6;54,9;766,1;;3;18,7;77,8;40,9;18,4;15,4;86,9;11,7;11,8;51,4;48,2;98,7;21,5;9,8;22,5;533,6;;3;63,9;50,8;21,6;20,6;26,5;26,0;40,5;69,0;36,3;24,9;66,8;15,4;21,4;49,7;118,9;22,4;24,4;134,2;833,3;;3;9,6;7,4;5,3;3,8;5,5;5,8;4,6;9,3;4,2;16,7;13,3;85,4
4;64,6;30,9;15,3;25,9;15,2;91,5;18,4;21,1;20,9;26,6;24,4;22,8;14,9;49,7;118,4;13,0;17,9;39,7;10,7;48,0;11,9;12,9;55,2;770,2;;4;18,9;78,6;41,3;18,7;15,2;87,2;11,9;11,8;52,5;49,8;100,1;21,9;10,2;23,3;541,2;;4;63,9;51,0;21,7;21,0;26,7;26,7;41,4;70,5;36,6;25,5;67,8;14,8;21,4;50,4;120,4;23,1;24,9;139,6;847,5;;4;9,9;7,5;5,4;4,0;5,5;6,0;4,9;9,4;4,2;15,7;13,3;85,7
5;66,7;31,1;16,1;26,5;16,0;95,4;18,7;21,2;21,8;27,3;26,9;23,7;15,4;51,9;120,1;13,6;18,1;40,8;10,8;48,9;12,3;12,2;56,2;791,6;;5;19,7;79,9;42,0;18,8;15,4;88,2;11,9;12,3;51,8;48,9;100,1;21,6;10,6;23,2;544,3;;5;71,3;53,8;22,6;21,8;27,4;27,3;42,9;73,3;37,4;25,7;72,5;15,0;22,2;50,7;124,7;23,1;25,7;154,3;891,6;;5;10,0;7,7;5,5;4,1;5,7;6,1;5,1;9,8;4,4;17,4;13,5;89,1
6;67,7;26,9;15,4;25,8;15,6;93,9;18,3;20,1;19,6;25,4;25,2;26,7;15,4;54,4;153,1;13,4;17,8;42,2;10,4;48,3;11,6;12,1;55,3;814,3;;6;18,1;76,7;40,5;18,2;14,7;82,8;11,3;11,0;49,6;45,8;94,6;21,1;10,0;21,3;515,7;;6;66,6;52,6;22,0;20,9;26,4;26,9;41,3;75,2;37,2;25,2;74,1;15,3;22,1;51,0;121,2;23,3;25,3;148,0;874,6;;6;9,7;7,3;5,4;3,8;5,8;6,0;4,9;9,5;4,3;17,3;13,3;87,3
7;45,9;13,7;8,3;16,5;9,1;60,4;10,0;16,5;17,3;12,9;13,9;29,9;9,6;41,1;82,5;7,8;10,9;33,3;5,7;29,0;6,5;7,0;34,7;522,1;;7;9,9;44,8;24,7;10,1;8,0;42,8;5,5;5,5;31,1;27,4;62,4;7,9;7,6;13,3;300,9;;7;44,2;31,5;13,1;12,1;15,5;16,2;22,8;64,7;21,1;15,6;44,1;9,5;12,2;30,5;80,8;16,4;17,5;95,5;563,3;;7;4,7;3,8;3,2;2,1;3,4;3,7;2,0;5,8;2,5;10,3;6,3;47,8
8;39,7;9,8;6,0;11,8;5,7;35,1;5,8;9,1;8,0;8,1;8,4;21,2;4,3;12,1;36,5;4,7;7,2;31,8;4,2;18,6;4,2;4,8;23,7;320,7;;8;7,8;32,6;18,4;7,3;5,9;32,2;3,7;3,8;19,6;24,8;78,4;11,4;3,7;9,4;259,0;;8;40,1;22,9;8,1;7,7;10,2;10,9;14,5;43,2;15,6;10,0;24,3;8,3;6,4;29,2;77,4;24,6;14,1;71,2;438,8;;8;2,9;2,4;2,1;1,3;2,2;2,4;3,0;3,7;1,7;6,6;3,8;32,2
9;68,4;29,8;15,3;25,1;14,6;92,1;20,4;19,8;21,2;26,7;31,0;21,9;15,1;50,5;115,0;15,8;19,5;44,6;11,6;48,5;11,8;12,9;56,2;787,7;;9;19,8;79,1;40,8;18,9;14,5;85,6;11,1;11,9;49,8;48,6;98,6;21,8;10,1;21,9;532,7;;9;65,3;51,6;22,0;21,4;26,4;27,1;42,9;71,4;36,6;28,2;68,1;14,0;21,8;49,6;117,6;22,6;24,4;157,2;868,2;;9;10,0;7,3;5,3;3,9;5,6;6,0;4,9;9,5;4,6;17,2;13,3;87,6
10;67,9;31,1;15,5;25,6;15,8;94,0;20,9;21,4;21,9;27,4;31,5;21,1;15,5;53,1;128,1;15,0;19,0;45,2;11,9;49,5;12,4;13,5;57,7;815,1;;10;20,4;81,8;42,6;20,2;15,9;91,6;12,0;12,3;53,6;51,5;105,8;22,2;10,6;23,6;564,0;;10;65,6;53,2;22,6;22,0;27,5;27,9;43,4;72,6;37,5;29,1;67,3;15,8;22,4;51,1;125,2;23,3;25,8;140,9;873,3;;10;10,7;7,6;5,5;4,2;5,8;6,2;5,0;9,9;4,8;17,5;13,9;90,9
11;67,8;32,0;15,9;27,1;16,1;98,8;21,9;22,0;22,6;28,0;31,4;22,8;15,5;51,2;122,6;15,9;19,7;39,9;12,2;50,1;12,7;13,7;58,5;818,3;;11;20,6;80,4;41,2;19,8;16,0;89,8;12,4;12,7;52,9;51,1;105,5;22,2;10,7;23,7;559,0;;11;66,8;54,3;23,0;22,5;27,6;28,7;44,4;74,2;38,4;28,2;68,4;15,7;22,3;51,3;126,8;23,9;26,6;149,4;892,6;;11;10,5;7,9;5,7;4,0;5,9;6,3;5,1;9,9;4,8;17,8;14,0;91,9
12;68,3;31,7;16,3;26,7;16,1;96,3;21,8;21,4;22,3;27,7;31,5;22,7;15,6;52,6;137,0;14,4;20,0;39,3;11,8;50,2;12,6;13,7;58,3;828,2;;12;20,4;81,4;42,9;20,3;15,9;90,1;12,0;12,5;52,4;50,0;102,4;21,9;10,8;23,3;556,3;;12;73,7;55,4;23,0;22,4;27,7;28,5;45,1;74,0;38,7;28,8;69,4;16,2;22,5;51,3;125,1;23,4;27,1;149,7;901,8;;12;10,5;7,9;5,6;4,1;5,8;6,2;5,1;9,9;4,8;18,0;13,9;91,9
13;68,0;26,0;14,8;25,3;15,0;92,6;19,9;19,8;19,5;25,2;27,3;22,3;14,6;50,8;127,5;13,5;18,4;43,4;11,0;48,1;11,2;12,3;55,0;781,5;;13;17,9;74,8;39,7;18,4;14,4;81,0;11,1;11,0;47,1;42,8;90,0;20,3;9,5;20,5;498,3;;13;65,3;53,0;22,2;21,5;25,8;27,1;41,0;73,0;37,6;27,8;68,2;15,9;21,0;48,7;119,7;23,0;24,7;137,0;852,3;;13;9,8;7,2;5,2;3,8;5,7;6,0;5,0;9,7;4,7;17,6;13,2;87,9
14;41,4;12,7;7,8;15,0;8,4;52,8;9,6;13,1;12,2;11,1;12,5;22,6;8,4;35,0;67,1;6,5;14,7;40,0;5,6;26,1;5,9;6,3;31,1;465,8;;14;8,6;40,0;22,4;9,0;7,6;37,1;4,4;3,9;27,1;18,4;53,7;6,7;8,1;12,0;258,9;;14;40,8;29,6;12,2;11,7;14,0;15,3;20,3;56,6;17,9;16,0;39,2;9,5;10,7;32,1;91,0;15,8;18,0;102,0;552,9;;14;4,2;3,5;3,1;2,1;3,2;3,3;2,8;5,6;2,4;9,7;6,3;46,2
15;29,2;8,1;4,9;8,8;4,8;33,8;5,2;7,6;8,0;7,1;8,1;20,6;4,5;10,5;32,8;4,1;9,8;29,8;4,0;15,8;3,6;4,1;19,4;284,8;;15;5,7;25,1;14,2;5,9;4,6;23,9;3,1;3,8;21,2;16,4;40,3;4,7;2,8;7,9;179,5;;15;31,1;18,2;7,3;7,2;9,2;9,7;11,7;36,0;13,0;10,0;20,8;7,5;6,8;21,0;65,8;19,7;14,4;58,3;367,7;;15;2,5;2,2;1,8;1,0;1,9;1,9;1,7;3,2;1,4;5,8;3,6;26,9
16;43,9;11,7;7,4;13,5;7,6;51,4;8,1;13,5;15,2;12,7;10,3;18,3;7,5;29,1;59,2;5,4;13,5;32,6;4,9;24,2;4,9;5,6;28,5;428,9;;16;9,0;42,8;21,9;8,8;7,9;43,9;4,5;4,8;28,1;22,1;49,9;7,1;4,2;11,3;266,3;;16;37,2;28,0;11,2;10,4;12,5;13,9;19,4;43,0;19,9;15,1;39,0;7,9;9,6;24,9;65,8;19,8;15,8;84,9;478,3;;16;4,7;3,9;2,7;1,8;3,0;3,3;2,8;5,4;2,3;10,6;7,0;47,5
17;40,8;9,2;5,9;10,5;5,6;39,7;6,0;10,1;10,3;10,3;9,2;17,5;4,8;10,9;39,1;4,2;10,2;31,7;3,5;18,5;4,0;4,5;22,7;329,2;;17;7,7;35,0;18,0;7,0;6,5;34,0;3,4;3,2;25,3;16,8;41,7;6,0;8,7;9,6;223,0;;17;31,4;22,6;9,2;8,5;10,2;11,3;15,2;40,1;16,4;11,5;27,9;8,3;6,2;19,9;56,3;17,1;14,2;76,7;403,0;;17;3,8;2,9;2,2;1,5;2,4;2,6;2,2;4,3;1,9;8,4;5,9;38,2
18;55,8;19,9;11,8;18,6;10,9;65,4;11,6;16,4;17,5;19,5;17,5;17,2;11,9;35,9;85,4;9,0;13,9;43,2;7,7;35,4;7,8;8,6;41,0;581,8;;18;12,8;59,7;30,5;12,4;11,1;62,4;5,5;5,5;35,4;30,1;61,2;12,5;6,6;14,6;360,3;;18;51,6;41,0;16,7;15,7;19,3;20,6;30,2;56,6;28,5;21,5;52,6;12,2;15,1;36,4;84,5;17,5;19,0;111,3;650,3;;18;7,7;5,7;3,9;2,9;4,4;4,6;3,8;7,6;3,4;14,3;10,7;69,0
19;66,4;29,2;14,8;25,0;15,0;89,7;20,6;20,4;21,6;27,2;26,5;22,1;14,9;48,3;120,7;13,3;18,6;41,1;11,1;47,7;11,5;12,7;55,0;772,9;;19;18,5;77,8;40,7;18,6;14,9;85,6;11,5;12,1;49,6;47,5;96,8;21,7;10,1;21,5;527,0;;19;64,1;51,3;21,7;21,0;25,9;26,8;42,2;69,1;36,7;27,8;67,3;14,9;21,4;47,6;116,1;22,6;24,6;138,5;839,4;;19;8,9;7,3;5,3;3,8;5,4;5,9;4,8;9,5;4,4;17,2;13,4;85,8
20;67,0;26,4;15,1;25,8;15,2;90,4;19,9;20,0;20,4;26,0;25,4;23,9;15,2;48,7;139,9;13,2;18,8;40,7;11,1;47,7;11,3;12,3;54,9;789,3;;20;17,9;75,1;40,2;19,2;14,7;82,8;11,3;11,5;48,4;44,7;92,9;20,8;9,7;20,8;510,1;;20;65,6;52,2;21,9;21,0;25,9;27,0;41,4;72,7;37,3;28,1;68,3;15,5;21,8;48,6;118,2;23,6;25,1;147,9;862,1;;20;8,8;7,2;5,2;3,8;5,6;5,9;4,8;9,5;4,3;17,5;13,1;85,7
21;43,4;13,2;8,5;15,5;8,9;54,8;10,8;14,2;14,3;13,1;13,2;27,4;9,6;32,3;92,5;7,4;8,7;31,5;5,2;27,5;6,1;6,4;32,3;496,7;;21;9,3;42,1;23,3;10,0;8,2;39,2;4,7;4,5;28,0;22,4;51,3;7,0;4,7;13,2;268,0;;21;42,3;31,4;12,7;12,1;15,1;15,7;23,1;60,0;21,3;16,9;39,4;9,9;12,2;24,5;70,1;17,6;19,3;98,1;541,8;;21;4,7;3,9;3,1;2,1;3,3;3,4;2,9;5,6;2,4;10,1;6,4;48,0
22;33,5;7,7;5,0;8,5;4,7;34,4;5,1;9,7;12,4;8,2;8,6;19,9;4,4;7,3;40,3;4,3;6,9;32,8;4,4;16,3;3,3;3,9;20,2;301,6;;22;10,4;27,8;14,3;5,3;4,7;25,2;3,9;5,8;26,8;22,2;41,4;5,1;2,8;6,0;201,9;;22;59,1;18,9;7,3;7,1;9,4;9,2;12,1;51,0;13,3;9,5;21,1;7,2;6,6;14,7;46,6;10,2;10,9;60,4;374,6;;22;2,7;1,7;1,3;0,9;1,4;1,3;1,1;2,1;1,0;3,6;2,4;19,4
23;69,1;30,5;15,4;25,6;15,3;92,7;21,5;21,4;21,9;27,0;35,2;21,8;15,5;48,1;124,8;16,0;19,6;44,1;11,4;48,6;12,3;13,3;57,3;808,3;;23;20,5;80,5;41,9;19,7;15,3;87,2;12,0;12,3;50,9;50,1;100,6;22,9;10,3;22,0;546,2;;23;66,2;52,8;22,3;21,5;27,0;28,0;48,4;70,4;37,2;29,8;68,1;14,5;22,2;49,7;119,4;23,8;24,7;150,6;876,5;;23;10,4;7,6;5,4;4,0;5,8;6,2;4,9;9,7;4,7;17,4;13,5;89,7
24;69,4;32,5;16,1;26,2;15,9;96,0;22,3;22,5;24,1;28,5;37,2;21,8;15,5;46,9;109,9;16,1;20,3;41,1;12,1;50,9;13,0;13,9;59,4;811,6;;24;22,0;83,4;43,6;20,9;16,1;92,5;12,7;13,5;54,0;54,2;111,8;24,2;11,1;24,6;584,7;;24;67,3;54,1;23,0;22,2;28,0;28,7;50,1;72,7;38,8;30,5;69,3;15,9;22,3;52,0;128,3;24,5;25,8;147,4;901,0;;24;10,9;7,9;5,6;4,2;5,9;6,4;5,2;10,0;4,9;18,0;14,2;93,1
25;68,2;32,6;15,6;26,1;15,5;97,0;22,0;22,7;24,1;28,5;35,5;22,2;15,8;46,4;129,2;15,1;19,7;39,1;12,2;50,8;12,6;14,1;58,5;823,6;;25;21,9;83,6;43,8;20,9;16,2;92,4;12,8;13,5;53,6;54,1;108,1;24,1;11,0;24,2;580,2;;25;67,1;54,1;23,0;22,3;27,7;29,4;49,5;73,4;39,1;28,7;69,1;15,0;22,8;51,8;125,8;24,4;25,8;152,0;901,0;;25;10,8;8,0;5,7;4,1;6,0;6,4;5,1;10,1;4,8;17,9;14,1;93,1
26;66,7;32,1;15,9;26,0;16,1;96,0;22,1;22,7;23,2;28,3;35,4;21,6;15,2;45,8;136,9;16,2;19,2;39,2;11,5;51,0;12,3;13,7;58,3;825,4;;26;21,5;82,4;43,2;20,6;16,0;91,8;12,8;13,1;53,6;53,7;108,7;23,8;11,2;24,2;576,5;;26;66,4;53,3;23,1;22,1;27,8;28,8;49,0;72,9;38,7;29,2;67,8;14,7;21,9;51,8;125,7;24,2;26,0;148,9;892,2;;26;10,8;7,8;5,6;4,2;5,8;6,2;5,1;10,2;4,9;17,7;14,0;92,3
27;68,5;27,8;15,6;26,0;15,8;94,4;21,1;21,8;21,6;26,7;31,8;24,3;15,3;48,5;136,9;16,0;19,4;41,3;11,4;49,6;11,9;13,0;57,3;815,9;;27;19,8;79,1;41,6;19,7;15,3;86,1;12,3;12,1;50,8;48,9;100,7;23,7;10,4;22,2;542,6;;27;63,8;50,2;22,4;22,0;26,8;28,2;45,6;76,4;38,5;29,0;68,8;15,8;22,0;50,0;124,7;23,8;26,1;147,6;881,9;;27;10,4;7,5;5,7;4,0;5,7;6,1;5,0;9,9;4,6;17,7;13,7;90,5
28;43,7;13,6;11,1;16,4;9,1;55,9;11,1;13,9;13,0;13,7;14,6;31,4;9,2;34,3;76,6;8,2;10,7;29,8;5,5;27,9;6,2;6,7;33,4;496,0;;28;9,4;41,8;23,6;10,1;8,3;40,0;4,6;4,1;26,1;21,6;54,4;7,5;5,5;12,4;269,4;;28;45,4;32,8;13,3;12,3;15,6;16,2;25,3;63,8;22,0;17,1;42,7;9,9;11,7;24,6;76,9;14,5;19,5;98,9;562,6;;28;4,8;4,0;3,3;2,2;3,4;3,6;3,0;5,6;2,6;10,3;6,5;49,2
29;;;;;;;;;;;;;;;;;;;;;;;;;;29;;;;;;;;;;;;;;;;;29;;;;;;;;;;;;;;;;;;;;;29;;;;;;;;;;;;
30;;;;;;;;;;;;;;;;;;;;;;;;;;30;;;;;;;;;;;;;;;;;30;;;;;;;;;;;;;;;;;;;;;30;;;;;;;;;;;;
31;;;;;;;;;;;;;;;;;;;;;;;;;;31;;;;;;;;;;;;;;;;;31;;;;;;;;;;;;;;;;;;;;;31;;;;;;;;;;;;
Total;1594,5;636,8;344,6;581,6;341,3;2102,7;432,6;488,2;500,9;581,3;626,3;636,1;336,6;1100,6;2793,1;312,3;433,4;1070,6;246,1;1084,3;259,4;282,1;1265,9;18051,4;;Total;433,0;1760,4;928,7;419,3;337,3;1884,3;247,1;254,0;1154,4;1076,2;2270,6;457,3;232,8;499,1;11954,5;;Total;1580,8;1188,4;496,6;477,1;596,2;615,4;953,4;1777,2;838,2;623,8;1540,1;356,6;475,3;1122,3;2814,9;578,3;602,1;3393,9;20030,7;;Total;216,2;163,3;120,1;86,1;126,5;134,5;110,4;215,8;99,7;387,9;291,3;1951,8
;;;;;;;;;;;;;;;;;;;;;;;;;;;;;;;;;;;;;;;;;;;;;;;;;;;;;;;;;;;;;;;;;;;;;;;;;;;;
ENTRADAS POR ESTAúûO - LINHA 1-AZUL ¿ - MAR/2026 (MIL);;;;;;;;;;;;;;;;;;;;;;;;;;ENTRADAS POR ESTAúûO - LINHA 2-VERDE ý - MAR/2026 (MIL);;;;;;;;;;;;;;;;;ENTRADAS POR ESTAúûO - LINHA 3-VERMELHA ° - MAR/2026 (MIL);;;;;;;;;;;;;;;;;;;;;ENTRADAS POR ESTAúûO - LINHA 15-PRATA - MAR/2026 (MIL);;;;;;;;;;;;
DIA;JAB;CON;JUD;SAU;ARV;SCZ;VMN;ANR;PSO;VGO;JQM;LIB;PSE;BTO;LUZ;TRD;PPQ;TTE;CDU;SAN;JPA;PIG;TUC;TOTAL;;DIA;VPT;TTI;SAC;AIP;IMG;CKB;ANR;PSO;BGD;TRI;CNS;CLI;SUM;VMD;TOTAL;;DIA;ITQ;ART;PCA;VPA;VTD;PEN;CAR;TAT;BEL;BRE;BAS;PDS;PSE;GBU;REP;CEC;DEO;BFU;TOTAL;;DIA; VPM ; ORT ; SLU ; CAD ; VTL ; VUN ; JPL ; SAP ; FJT ; MAT ;IGT;TOTAL
1;30,5;8,0;5,6;8,7;4,7;32,1;5,1;7,4;7,2;8,2;8,5;23,3;3,8;7,0;30,5;3,9;5,8;26,5;4,1;15,0;3,0;4,1;19,0;272,0;;1;5,6;23,7;12,9;5,6;4,7;23,4;3,0;3,4;19,5;20,9;35,6;5,1;2,7;6,9;173,1;;1;29,2;18,2;7,0;6,9;9,1;9,0;12,5;44,6;13,3;11,1;18,1;8,5;5,8;12,7;41,2;9,1;9,5;57,2;323,0;;1;2,6;2,1;1,6;1,1;1,8;1,8;1,6;3,2;1,3;5,5;3,4;26,0
2;69,8;30,5;15,7;26,0;15,4;93,4;21,6;21,1;22,6;27,2;35,6;22,5;15,5;49,7;132,4;16,3;20,0;44,5;11,5;50,0;12,0;13,8;57,8;825,1;;2;20,8;80,6;42,0;20,0;15,5;87,3;11,9;12,7;50,8;52,6;102,2;23,0;10,6;22,5;552,4;;2;67,7;53,0;22,7;21,6;27,3;27,9;52,9;73,2;37,6;30,2;68,1;14,5;22,3;50,2;120,8;23,8;25,0;152,8;891,6;;2;10,4;7,8;5,5;4,1;5,8;6,2;5,2;10,0;4,6;17,4;13,7;90,5
3;69,7;32,4;16,3;27,2;16,4;97,4;23,0;23,2;24,2;28,9;38,0;24,9;15,9;49,7;128,5;16,6;20,3;42,1;12,2;52,1;12,9;14,5;60,0;846,4;;3;22,0;84,5;44,3;21,1;16,3;93,0;13,0;13,6;53,9;56,6;110,7;23,7;11,6;24,3;588,6;;3;69,5;55,1;23,6;22,9;28,7;29,2;54,4;75,8;39,6;31,4;70,5;16,2;22,9;52,4;127,7;24,7;25,7;153,1;923,2;;3;10,9;8,1;5,8;4,2;6,0;6,5;5,2;10,1;4,9;18,0;14,3;94,1
4;71,0;32,1;16,5;27,7;16,6;98,1;22,8;22,9;24,3;29,1;37,1;24,1;16,1;50,1;123,8;16,8;20,4;40,9;12,3;52,4;13,2;14,7;59,9;842,8;;4;22,4;84,4;44,7;21,4;16,5;93,2;12,9;13,6;54,9;56,6;113,3;23,7;11,4;24,9;593,9;;4;69,1;55,2;23,5;22,7;28,7;29,5;54,2;76,5;39,2;29,1;72,1;15,4;23,1;53,3;131,7;25,0;26,5;153,7;928,6;;4;11,1;8,1;5,8;4,3;6,1;6,5;5,2;10,4;5,0;18,3;14,3;95,0
5;70,5;31,5;16,3;27,4;16,7;98,1;23,0;22,9;23,9;29,2;36,7;24,4;15,9;50,0;139,9;16,6;20,3;39,5;12,0;51,7;13,0;14,4;59,5;853,5;;5;21,8;83,2;43,7;21,0;16,3;92,9;12,9;13,4;53,9;55,4;108,6;23,2;11,4;24,4;582,1;;5;69,1;55,0;23,7;22,5;28,4;29,2;53,8;76,9;39,1;30,5;69,6;15,2;22,9;52,3;129,6;24,8;27,0;154,0;923,5;;5;10,9;8,2;5,7;4,2;6,0;6,4;5,3;10,3;4,9;18,1;14,4;94,4
6;70,7;26,6;15,5;26,2;15,6;94,7;21,8;21,8;21,5;26,7;32,3;23,9;15,5;50,3;131,1;15,8;19,5;42,8;12,1;50,3;11,9;13,2;57,7;817,5;;6;20,2;79,0;42,1;19,6;15,3;85,1;12,2;12,1;50,6;50,8;100,4;22,4;10,4;22,3;542,4;;6;68,7;54,1;22,8;21,7;27,2;28,2;48,9;77,2;37,9;29,3;69,2;15,4;22,3;51,0;126,6;24,7;25,7;148,8;899,6;;6;10,4;7,7;5,5;4,0;5,9;6,2;5,2;10,0;4,7;18,0;13,8;91,4
7;44,7;13,2;8,4;15,7;9,0;54,1;10,6;13,1;11,7;13,0;13,0;27,7;8,8;34,6;66,9;8,0;9,9;29,4;5,3;26,4;5,4;6,5;31,6;467,0;;7;9,2;40,5;22,7;10,0;7,7;38,5;4,3;3,7;24,7;21,7;47,4;7,0;4,4;11,2;253,2;;7;44,3;31,6;12,9;11,8;14,8;15,6;23,2;61,5;20,6;16,4;42,3;9,3;11,2;25,2;69,9;14,0;15,2;83,8;523,6;;7;4,8;3,8;3,3;2,0;3,3;3,5;3,2;5,7;2,5;10,4;6,5;48,9
8;33,2;6,1;5,0;10,0;4,6;32,4;5,1;7,0;6,3;7,7;8,1;21,5;3,7;7,9;26,9;3,7;5,9;25,9;3,6;15,5;3,1;3,8;19,1;266,2;;8;5,4;24,8;13,3;5,5;4,3;22,4;2,9;3,0;17,4;20,3;34,8;4,6;2,7;6,4;167,7;;8;32,4;18,3;7,2;6,7;9,0;9,3;11,8;40,3;12,7;10,0;20,2;7,4;5,6;13,9;42,3;8,9;8,9;57,0;321,6;;8;2,3;2,0;1,6;1,0;1,7;1,7;1,6;3,1;1,5;5,5;3,3;25,3
9;72,1;29,9;15,4;25,6;14,9;93,5;21,4;21,1;21,9;27,6;35,1;20,8;15,2;48,0;127,0;15,9;19,9;44,8;11,7;48,9;11,9;13,6;57,2;813,4;;9;20,6;80,1;41,7;19,5;15,8;87,2;11,9;12,3;49,5;52,3;101,9;23,2;10,2;22,1;548,3;;9;67,3;52,8;22,5;21,5;27,2;27,7;50,9;72,6;36,4;29,3;67,4;14,0;21,8;50,4;119,6;23,5;24,2;146,7;875,8;;9;10,3;7,6;5,4;3,9;5,8;6,1;5,0;9,8;4,6;17,5;13,5;89,5
10;70,9;32,5;16,4;26,4;16,4;96,0;22,6;22,5;23,8;28,7;37,7;21,6;15,3;47,3;139,4;16,4;19,8;41,4;12,3;51,5;12,9;14,4;59,3;845,5;;10;21,8;82,4;43,9;20,7;17,0;92,4;12,7;13,4;54,5;56,0;109,6;23,9;11,0;24,3;583,7;;10;67,8;54,2;23,1;22,5;28,3;28,8;53,0;74,7;37,1;29,6;68,2;15,6;22,0;52,0;126,6;24,3;25,9;149,7;903,4;;10;10,7;7,9;5,6;4,2;5,8;6,3;5,1;10,1;4,8;17,5;13,8;91,8
11;72,7;32,6;16,2;26,9;16,4;97,9;22,7;22,9;23,9;29,4;37,2;22,4;15,8;48,2;129,2;16,5;20,4;40,8;12,6;51,3;13,2;14,6;59,4;843,0;;11;22,2;83,5;44,1;21,2;17,8;93,2;12,9;13,4;54,1;55,8;108,7;23,8;11,2;24,5;586,5;;11;75,6;56,4;23,6;22,4;29,5;29,4;53,4;76,3;38,9;28,5;69,7;15,3;22,7;53,3;129,6;25,6;26,9;153,1;930,1;;11;10,9;8,0;5,7;4,2;6,1;6,4;5,2;10,1;4,9;18,1;14,3;93,9
12;70,5;30,9;16,3;25,8;16,0;101,1;22,4;22,2;23,0;28,6;35,6;21,2;14,8;45,4;122,7;16,4;20,9;41,4;12,2;49,6;12,7;14,1;57,6;821,3;;12;20,8;80,3;42,5;20,4;17,4;90,7;12,5;12,9;52,1;54,0;107,1;23,4;10,8;23,7;568,6;;12;66,4;53,4;22,7;21,7;27,3;27,9;49,9;76,2;36,8;27,4;63,9;14,2;21,3;51,1;125,7;23,8;25,7;145,4;880,8;;12;10,5;7,6;5,5;4,1;5,9;6,2;5,0;9,8;4,8;17,7;13,9;91,0
13;74,0;27,8;16,2;27,0;16,3;95,4;22,1;21,8;21,7;27,5;34,0;25,0;15,5;49,9;131,7;16,1;19,3;42,1;11,9;50,2;12,4;13,4;58,3;829,8;;13;20,1;80,5;42,5;19,8;17,3;86,8;12,3;12,2;50,7;50,3;100,6;22,4;10,4;22,3;548,3;;13;67,9;55,0;22,9;22,1;27,6;28,4;49,2;75,9;38,3;29,5;69,5;15,7;22,4;50,9;125,6;24,5;26,0;157,8;909,1;;13;10,7;7,8;5,7;4,0;5,9;6,3;5,1;10,2;4,8;18,1;14,1;92,5
14;45,9;14,0;9,0;16,6;9,8;56,7;11,1;14,0;13,1;13,7;14,1;30,4;9,4;36,0;76,7;9,4;10,6;28,8;5,6;28,8;6,2;7,3;34,6;501,9;;14;9,5;42,6;24,0;10,2;8,3;40,0;4,7;4,1;24,7;21,4;50,5;7,3;5,2;12,1;264,8;;14;45,5;33,4;13,7;12,7;16,0;16,6;25,3;64,4;23,0;17,6;44,9;10,3;12,0;25,5;77,8;15,8;16,6;101,2;572,1;;14;5,0;4,0;3,5;2,2;3,5;3,7;3,1;6,0;2,7;10,5;6,7;50,8
15;31,3;7,9;5,1;8,9;4,7;31,6;5,2;7,0;6,4;7,9;7,7;21,7;3,7;7,4;30,8;4,2;7,0;25,6;3,4;15,2;2,9;3,8;18,8;268,2;;15;9,2;24,4;13,0;5,6;4,7;23,5;2,9;3,0;16,2;17,2;33,0;7,1;3,1;6,6;169,5;;15;29,9;18,4;7,0;6,7;9,0;9,2;12,0;39,1;13,5;9,5;20,6;7,2;5,6;13,2;43,1;9,4;9,8;67,4;330,5;;15;2,6;1,6;1,3;0,8;1,2;1,3;1,1;2,2;1,0;3,7;2,2;19,2
16;70,9;30,9;16,1;26,2;15,4;94,5;21,5;21,3;22,5;27,7;36,0;22,2;15,5;49,8;126,5;16,1;20,4;44,5;11,7;49,8;12,3;14,1;58,3;824,3;;16;22,2;81,4;42,7;20,0;15,5;88,9;12,0;12,6;50,1;52,4;101,8;23,0;10,6;22,5;555,7;;16;68,3;53,8;22,8;21,8;27,7;28,1;51,6;72,6;37,0;30,1;69,3;14,6;22,3;51,0;121,3;24,1;25,1;150,8;892,3;;16;10,5;7,7;5,6;4,1;5,9;6,2;5,0;10,1;4,8;17,7;13,8;91,4
17;72,6;33,3;17,2;27,6;16,6;98,8;22,9;23,0;24,4;29,6;38,5;23,0;16,3;49,4;128,2;17,0;20,8;42,3;12,4;52,6;13,4;14,4;60,5;854,6;;17;22,3;84,9;44,8;21,5;16,4;94,7;12,9;13,7;54,5;57,4;110,0;24,4;11,5;24,9;593,9;;17;69,7;53,7;23,7;22,8;29,0;29,6;54,3;76,4;39,6;31,4;71,0;16,2;23,4;53,5;124,4;25,1;26,1;157,0;927,0;;17;11,1;8,1;5,9;4,3;6,2;6,5;5,2;10,3;5,0;18,3;14,6;95,5
18;70,6;31,8;16,3;26,9;16,5;93,4;22,9;23,1;24,0;27,8;36,5;24,0;15,7;48,5;131,2;16,2;20,6;37,9;12,4;51,4;13,1;14,0;59,7;834,6;;18;22,3;84,7;44,2;21,5;16,6;94,8;13,0;13,5;53,9;56,6;107,9;23,9;11,4;24,5;588,9;;18;68,6;55,1;23,5;22,4;28,9;29,6;53,5;76,1;39,6;30,8;69,3;15,2;22,7;52,8;127,2;25,2;26,3;154,7;921,6;;18;11,0;8,1;5,8;4,3;6,0;6,4;5,2;10,5;4,9;18,2;14,6;94,9
19;69,6;31,2;16,4;26,1;16,2;98,6;23,0;22,6;23,8;29,8;35,5;24,7;15,5;49,0;130,5;17,3;20,4;42,3;12,4;51,2;12,8;14,6;59,6;842,9;;19;21,3;83,5;44,0;20,9;16,0;93,6;12,7;13,4;54,6;56,1;110,1;23,7;11,3;24,7;585,9;;19;68,5;54,8;23,3;22,2;28,4;29,1;52,5;75,6;39,8;29,5;69,2;15,0;22,3;52,3;128,7;25,5;26,4;153,8;917,0;;19;10,9;7,9;5,7;4,2;6,1;6,4;5,1;10,2;4,8;18,1;14,4;93,9
20;71,3;27,6;16,1;27,0;16,4;99,2;22,0;22,2;22,8;28,0;33,7;26,6;15,5;50,1;128,3;16,2;20,2;45,5;11,8;50,9;12,3;13,5;58,9;836,2;;20;20,9;80,7;43,1;20,4;15,7;90,3;12,5;12,8;50,9;51,9;102,3;22,6;10,8;23,2;558,0;;20;68,3;55,0;23,1;22,0;27,8;29,1;50,3;78,5;39,1;30,4;71,0;15,8;22,3;51,7;130,4;25,7;26,4;148,3;915,1;;20;10,0;8,0;5,4;4,0;5,8;6,4;5,1;10,1;4,7;18,3;14,0;91,9
21;46,2;14,1;8,8;15,1;9,8;61,6;11,6;14,9;14,2;14,5;14,2;34,4;9,0;35,4;73,5;8,8;10,7;31,1;5,9;29,3;6,5;7,4;35,2;512,3;;21;10,3;43,3;24,8;11,0;8,6;46,0;5,0;4,5;26,5;24,0;56,9;7,5;5,1;12,6;286,0;;21;45,4;33,3;13,6;12,8;16,1;17,0;25,4;65,4;22,9;17,8;44,3;10,9;11,5;25,8;86,5;15,7;16,7;88,9;570,0;;21;5,1;4,1;3,4;2,2;3,5;3,7;3,2;6,0;2,6;10,1;6,7;50,7
22;33,9;8,3;5,3;9,0;5,0;36,7;5,4;7,7;7,2;9,3;8,0;23,8;3,7;9,0;28,9;4,1;6,6;26,5;3,6;16,2;3,2;4,4;20,1;285,8;;22;11,5;24,9;14,0;5,9;5,0;27,6;3,1;3,4;17,6;18,1;36,3;9,3;3,1;7,3;187,0;;22;47,6;20,9;7,5;7,1;9,6;9,6;12,9;40,1;13,9;10,2;21,2;7,3;5,6;13,7;51,5;10,1;10,2;62,2;361,0;;22;2,5;2,1;1,7;1,1;1,9;1,9;1,7;3,1;1,4;5,1;3,4;26,0
23;67,6;31,1;15,7;26,1;15,6;96,0;21,5;21,2;22,7;28,1;36,5;24,7;15,5;48,8;128,5;16,4;20,1;45,2;11,8;50,0;12,3;13,6;58,4;827,3;;23;21,0;81,4;42,8;20,0;15,6;88,9;11,9;12,7;50,3;53,3;102,2;23,3;10,6;22,7;556,8;;23;67,7;53,9;22,8;21,8;27,7;28,4;51,9;73,1;37,8;29,7;69,3;14,7;22,3;50,5;121,8;24,2;25,2;149,4;892,0;;23;10,7;7,5;5,4;3,9;5,8;6,1;4,9;9,6;4,7;17,7;12,8;89,0
24;71,7;33,3;16,7;27,2;16,2;98,9;23,5;23,1;24,2;29,9;38,2;23,4;16,4;49,3;125,2;16,9;20,9;41,6;12,4;51,9;13,0;14,8;60,5;849,4;;24;22,2;84,6;44,8;21,5;16,9;95,2;13,0;13,6;55,5;57,7;110,2;24,0;11,4;24,7;595,1;;24;69,6;55,8;23,6;22,7;28,9;29,6;54,2;77,8;39,5;31,6;70,7;16,1;23,6;53,0;128,0;25,0;26,4;154,9;930,8;;24;11,1;8,2;5,8;4,3;6,0;6,5;5,3;10,2;5,0;18,4;14,6;95,4
25;71,2;32,6;16,6;27,2;16,4;98,8;23,0;22,9;23,9;29,6;36,6;23,1;16,4;50,5;126,8;17,0;19,2;40,8;12,8;51,9;13,0;14,3;60,1;844,9;;25;21,8;84,7;44,3;21,7;16,7;94,8;12,9;13,5;54,1;56,7;108,8;24,1;11,3;24,1;589,5;;25;68,6;55,7;23,7;22,7;29,0;29,6;53,8;75,3;39,8;29,2;69,3;15,4;23,6;53,5;128,2;25,4;27,0;155,4;925,0;;25;10,8;7,9;6,0;4,3;6,1;6,6;5,3;10,3;5,0;18,1;14,5;94,8
26;70,3;31,6;16,4;26,5;16,6;98,6;22,5;22,6;23,4;29,6;36,4;22,1;15,6;49,3;138,3;16,9;20,0;41,5;12,6;51,7;12,8;14,0;60,1;849,3;;26;21,4;83,5;43,4;21,2;16,4;92,9;12,7;13,1;53,2;51,2;107,8;23,7;10,4;24,4;575,5;;26;68,1;55,3;23,5;22,5;28,7;29,0;52,8;75,4;39,3;28,6;69,0;15,2;22,4;52,8;127,3;24,6;26,6;154,3;915,4;;26;10,7;7,8;5,9;4,1;5,9;6,4;5,3;10,2;5,0;18,1;14,3;93,7
27;71,3;27,8;15,9;26,7;16,2;96,8;21,4;21,7;21,9;27,4;33,3;24,1;15,6;49,8;136,2;16,4;19,6;41,3;12,1;50,8;12,3;13,0;58,5;830,0;;27;20,2;80,8;42,5;20,5;15,7;89,3;12,2;12,3;50,8;51,2;99,9;22,7;10,4;22,6;551,0;;27;67,9;54,3;23,3;22,0;27,6;28,6;49,5;78,3;39,2;30,0;70,5;15,9;22,5;51,6;126,3;24,9;26,4;146,1;904,6;;27;10,6;7,6;5,7;4,0;5,9;6,3;5,4;10,2;4,9;18,5;14,1;93,1
28;47,4;14,6;11,5;17,4;10,1;58,5;11,6;14,9;13,5;14,5;13,6;25,9;9,3;34,3;63,9;9,1;11,5;31,9;5,9;29,2;6,8;7,3;35,1;497,9;;28;9,8;42,5;24,3;11,1;8,2;41,5;5,0;4,3;25,1;22,4;49,8;7,6;5,0;12,2;268,8;;28;48,1;33,8;13,8;12,8;16,0;16,8;27,0;62,1;23,3;16,5;45,4;11,7;11,9;26,2;75,0;14,8;16,7;97,8;569,3;;28;5,2;4,2;3,5;2,2;3,5;3,6;3,1;6,1;2,7;10,7;6,8;51,6
29;32,7;8,2;5,9;9,5;5,1;32,9;5,6;7,2;7,7;9,9;8,2;23,3;4,1;9,4;46,4;4,1;6,5;25,2;4,1;17,4;3,4;4,2;19,6;300,4;;29;5,4;23,5;12,1;6,7;4,6;23,8;2,9;3,6;16,8;17,4;33,0;5,7;2,9;7,0;165,5;;29;37,4;18,8;7,4;7,0;9,2;9,3;13,8;37,4;13,5;9,8;20,5;7,8;6,1;14,8;42,9;9,5;9,8;64,8;339,8;;29;2,5;2,2;1,8;1,1;1,8;2,0;1,5;3,3;1,5;5,9;3,8;27,2
30;70,8;30,1;17,6;25,7;15,7;94,3;21,4;21,2;22,7;27,8;35,3;21,8;15,3;48,4;124,9;16,3;20,5;43,2;11,8;49,6;12,3;13,2;58,1;817,9;;30;20,6;80,7;42,4;20,0;15,6;89,2;11,9;12,8;51,7;53,0;99,9;22,2;10,7;22,5;553,1;;30;66,9;53,6;22,7;21,6;27,7;28,2;51,0;71,6;36,9;29,1;68,3;14,6;21,9;51,6;118,7;23,8;25,5;147,8;881,5;;30;10,6;7,7;5,5;4,0;5,9;6,2;4,4;10,1;4,7;17,7;13,8;90,7
31;71,1;30,3;18,0;26,6;16,3;97,9;22,9;22,6;24,2;30,0;37,5;22,3;15,5;50,0;119,4;17,2;20,0;40,9;12,3;51,6;12,9;14,1;59,8;833,4;;31;21,9;83,5;44,4;21,1;16,4;94,1;12,7;13,6;55,0;55,7;108,6;23,3;11,1;24,2;585,5;;31;68,2;55,2;23,6;22,6;28,6;29,0;53,0;72,7;39,3;30,8;68,8;16,1;22,4;53,3;127,6;24,8;26,4;158,7;921,2;;31;10,9;8,0;5,8;4,2;6,1;6,5;4,4;10,2;4,9;18,0;14,2;93,2
Total;1906,7;772,7;424,3;697,1;417,7;2528,0;563,3;582,9;598,6;727,0;888,7;744,7;399,9;1262,1;3294,4;418,7;517,7;1178,5;309,0;1314,2;319,4;356,9;1532,3;21754,9;;Total;546,5;2103,5;1116,1;526,3;414,8;2295,3;309,3;320,5;1348,0;1377,2;2709,7;574,7;274,6;602,8;14519,1;;Total;1869,4;1427,2;600,6;573,0;728,7;746,4;1312,7;2113,4;1004,2;774,7;1801,2;416,6;570,6;1315,5;3303,6;650,2;685,5;4026,7;23920,2;;Total;268,2;199,3;146,4;104,5;153,1;162,8;132,3;261,5;123,8;463,0;352,4;2367,2
;;;;;;;;;;;;;;;;;;;;;;;;;;;;;;;;;;;;;;;;;;;;;;;;;;;;;;;;;;;;;;;;;;;;;;;;;;;;
¿ Corresponde Ás entradas pelas linhas de bloqueio incluÚndo as transferõncias em Luz (L4, L10 e L11) e em Santa Cruz (L5);;;;;;;;;;;;;;;;;;;;;;;;;;ý Corresponde Ás entradas pelas linhas de bloqueio incluÚndo as transferõncias em ConsolaÓÐo (L4), ChÃcara Klabin (L5) e TamanduateÚ (L10);;;;;;;;;;;;;;;;;° Corresponde Ás entradas pelas linhas de bloqueio incluindo as transferõncias em Repºblica(L4), Palmeiras-Barra Funda (L7, L8 e L10), BrÃs (L10,  L11 e L12), Corinthians-Itaquera (L11) e TatuapÕ (L11 e L12);;;;;;;;;;;;;;;;;;;;;Fonte: Diretoria de OperaÓ¾es/Dep. Apoio Á GestÐo/Coord. Estudos EstatÚsticos e Design EstratÕgico -28/04/2026;;;;;;;;;;;;
Fonte: Diretoria de OperaÓ¾es/Dep. Apoio Á GestÐo/Coord. Estudos EstatÚsticos e Design EstratÕgico -28/04/2026;;;;;;;;;;;;;;;;;;;;;;;;;;Fonte: Diretoria de OperaÓ¾es/Dep. Apoio Á GestÐo/Coord. Estudos EstatÚsticos e Design EstratÕgico -28/04/2026;;;;;;;;;;;;;;;;;Fonte: Diretoria de OperaÓ¾es/Dep. Apoio Á GestÐo/Coord. Estudos EstatÚsticos e Design EstratÕgico -28/04/2026;;;;;;;;;;;;;;;;;;;;;;;;;;;;;;;;;
